label,gx_mean,gx_std,gx_min,gx_max,gx_range,gx_energy,gx_zcr,gy_mean,gy_std,gy_min,gy_max,gy_range,gy_energy,gy_zcr,gz_mean,gz_std,gz_min,gz_max,gz_range,gz_energy,gz_zcr,mag_mean,mag_max,mag_std,mag_energy
horizontal_shake,-509.29064039408865,2365.092395379274,-7072.0,5016.0,12088.0,5853038.995073891,0.12871287128712872,998.320197044335,16572.926022781467,-27680.0,29433.0,57113.0,275658520.17241377,0.07425742574257425,-432.20197044334975,4491.439392483306,-8511.0,11693.0,20204.0,20359826.359605912,0.08415841584158416,15241.417946729289,31364.825712890546,8340.897104041735,301871385.5270936
horizontal_shake,-372.01960784313724,543.5287567548327,-1643.0,879.0,2522.0,433822.09803921566,0.08866995073891626,-2981.1617647058824,5814.559470129729,-13580.0,11484.0,25064.0,42696427.299019605,0.019704433497536946,165.3578431372549,495.79417810854574,-1465.0,1880.0,3345.0,273155.0833333333,0.20689655172413793,5413.377565365369,13599.373698814221,3754.8299315935833,43403404.48039216
horizontal_shake,-88.63054187192118,1112.7976533023755,-3392.0,2930.0,6322.0,1246173.9901477832,0.09405940594059406,2555.704433497537,12032.197650341228,-27543.0,24243.0,51786.0,151305405.44827586,0.019801980198019802,25.123152709359605,512.6395997361564,-1232.0,1547.0,2779.0,263430.5320197044,0.1485148514851485,10039.437090622654,27607.51674816118,7212.8158768870235,152815009.97044334
horizontal_shake,-411.2118226600985,1129.8038233556708,-4082.0,2106.0,6188.0,1445551.842364532,0.13366336633663367,-8242.857142857143,12690.655498808721,-40041.0,20735.0,60776.0,228997430.86699507,0.0297029702970297,1704.1231527093596,717.2023366735232,222.0,3809.0,3587.0,3418414.9113300494,0.0,12647.808481633758,40353.2688762633,8596.181607702498,233861397.62068966
horizontal_shake,-29.68472906403941,946.3809099472638,-2368.0,2312.0,4680.0,896518.0098522167,0.06435643564356436,-127.80788177339902,12853.807024082464,-32158.0,22308.0,54466.0,165236689.86699507,0.0594059405940594,-248.20689655172413,786.5114698268465,-1664.0,3131.0,4795.0,680206.9556650246,0.1485148514851485,9773.39663903933,32339.535757335787,8443.585314813075,166813414.83251232
horizontal_shake,-613.5270935960591,10992.869695438563,-22276.0,21035.0,43311.0,121219599.63546798,0.019801980198019802,-11058.975369458129,1669.3992856003003,-14617.0,-7120.0,7497.0,125087830.19704433,0.0,1373.9950738916257,1943.9855801770557,-3513.0,7803.0,11316.0,5666942.399014778,0.09900990099009901,15467.101954921114,26714.338266182076,3569.752000854178,251974372.2315271
horizontal_shake,-604.2610837438424,21228.572388203476,-33831.0,29478.0,63309.0,451017417.0985222,0.01485148514851485,289.14285714285717,1916.5085363075284,-3436.0,4481.0,7917.0,3756608.561576355,0.07920792079207921,-845.6354679802955,1764.6377557414805,-5278.0,2052.0,7330.0,3829045.7536945813,0.09405940594059406,19932.010414881555,33980.90531460279,7830.583135044685,458603071.4137931
horizontal_shake,11656.43842364532,21912.52168849289,-21904.0,43542.0,65446.0,616031163.4729064,0.01485148514851485,800.6847290640394,1969.5786049050703,-4661.0,4998.0,9659.0,4520335.916256158,0.04455445544554455,-154.5270935960591,1291.8426496798852,-2849.0,3061.0,5910.0,1692736.054187192,0.07920792079207921,21473.517118663647,43551.571004959165,12693.789741358145,622244235.4433497
horizontal_shake,19997.536945812808,20357.905227541483,-17322.0,48145.0,65467.0,814345789.1527094,0.024752475247524754,894.4088669950739,854.8232642618862,-1174.0,2799.0,3973.0,1530690.0344827587,0.04950495049504951,1392.4926108374384,672.2732801814253,-166.0,3286.0,3452.0,2390987.0344827585,0.009900990099009901,25220.973570072783,48201.46298609618,13497.035170709301,818267466.2216749
horizontal_shake,-20284.871921182264,25424.006638026076,-51487.0,14000.0,65487.0,1057856142.3891625,0.039603960396039604,-356.4433497536946,1254.356711269175,-2875.0,2562.0,5437.0,1700462.6206896552,0.0594059405940594,-107.07389162561576,605.6208713875578,-1528.0,2290.0,3818.0,378241.45812807884,0.09900990099009901,27074.189683511602,51582.94165710211,18081.01488991185,1059934846.4679803
horizontal_shake,-9237.275862068966,27835.521229553866,-40042.0,25445.0,65487.0,860143507.4729064,0.06930693069306931,-765.576354679803,2149.0012499411864,-4839.0,2940.0,7779.0,5204313.527093596,0.06930693069306931,157.30541871921181,495.9715998942602,-1045.0,1025.0,2070.0,270732.82266009855,0.09900990099009901,27085.83375021192,40336.32470862957,11488.087912204523,865618553.8226601
horizontal_shake,11918.87684729064,17749.48675840526,-22213.0,43271.0,65484.0,457103905.4876847,0.039603960396039604,497.8472906403941,877.7794651777482,-2030.0,2937.0,4967.0,1018348.7142857143,0.06930693069306931,164.3152709359606,431.7992362281255,-870.0,1626.0,2496.0,213450.08866995072,0.17326732673267325,17226.916466365223,43306.395659301874,12710.98160456207,458335704.2906404
horizontal_shake,-3465.225490196078,20428.410494012966,-39476.0,26015.0,65491.0,429327743.00980395,0.054187192118226604,45.63725490196079,1120.3387686995786,-2222.0,2699.0,4921.0,1257241.7156862745,0.14285714285714285,-122.2156862745098,453.16790437746397,-1481.0,941.0,2422.0,220297.82352941178,0.1625615763546798,16872.28944184866,39556.65660795917,12088.471017440621,430805282.54901963
horizontal_shake,-6170.630541871921,16077.568299040086,-32250.0,24341.0,56591.0,296564883.6945813,0.019801980198019802,-179.50738916256157,614.9083504897703,-1635.0,1365.0,3000.0,410335.18226600986,0.1485148514851485,164.2512315270936,396.68338174875214,-551.0,1017.0,1568.0,184336.1724137931,0.0594059405940594,14260.116459516785,32273.990720082944,9685.485718861986,297159555.0492611
horizontal_shake,-3077.295566502463,13385.789164556592,-29114.0,17024.0,46138.0,188649099.56157637,0.019801980198019802,694.1724137931035,465.23632940116164,-851.0,1586.0,2437.0,698320.1822660099,0.019801980198019802,-96.94581280788178,316.1364237841924,-682.0,678.0,1360.0,109340.7290640394,0.22277227722772278,11738.482488515838,29121.69495410595,7187.822294667102,189456760.4729064
horizontal_shake,2948.6206896551726,17719.266499484937,-30544.0,32759.0,63303.0,322666769.25123155,0.024752475247524754,259.6600985221675,815.4451035963734,-1542.0,3032.0,4574.0,732374.0837438423,0.12871287128712872,26.61576354679803,651.3008961213368,-1651.0,1337.0,2988.0,424901.2561576355,0.08415841584158416,15214.37817384475,32762.82506134048,9609.721191292163,323824044.591133
horizontal_shake,2127.551724137931,16664.23767094458,-24905.0,32810.0,57715.0,282223293.4926108,0.01485148514851485,252.7487684729064,529.3876385580697,-1350.0,1207.0,2557.0,344133.2118226601,0.15841584158415842,-80.61083743842364,587.2707025802929,-1638.0,846.0,2484.0,351384.9852216749,0.12871287128712872,15193.976136450981,32815.97466174058,7215.39332639691,282918811.6896552
horizontal_shake,1167.8768472906404,23362.46688147015,-32670.0,32852.0,65522.0,547168795.1182266,0.0297029702970297,-1986.5566502463055,5052.775632911524,-13324.0,6984.0,20308.0,29476948.921182267,0.06435643564356436,-121.66009852216749,3773.3139421656733,-9271.0,10591.0,19862.0,14252699.285714285,0.04950495049504951,21324.186980787694,35410.704172608595,11669.511255126656,590898443.3251232
horizontal_shake,1709.334975369458,25648.71552063056,-32650.0,32668.0,65318.0,660778433.9162562,0.034653465346534656,-1842.0,4115.343904010437,-12104.0,4562.0,16666.0,20329019.44827586,0.054455445544554455,-242.77339901477833,3339.262608179534,-8713.0,7043.0,15756.0,11209613.689655172,0.09900990099009901,23636.250980649103,34786.18721561764,11560.48038076065,692317067.0541872
horizontal_shake,-901.3300492610838,16307.923830443297,-30063.0,28228.0,58291.0,266760775.5172414,0.019801980198019802,-134.27093596059115,2500.7381591015896,-7147.0,3493.0,10640.0,6271720.024630542,0.04950495049504951,-91.5911330049261,2167.6263482291265,-4719.0,5965.0,10684.0,4706992.921182266,0.06435643564356436,14738.761842966305,30203.251248830813,7778.713762530072,277739488.4630542
horizontal_shake,-2758.694581280788,13716.19320492382,-23815.0,27929.0,51744.0,195744351.8275862,0.009900990099009901,85.14285714285714,2611.8215967947467,-6476.0,3753.0,10229.0,6828861.359605911,0.039603960396039604,-20.45320197044335,1149.0047402557316,-4084.0,2488.0,6572.0,1320630.2266009853,0.1188118811881188,13220.959176388755,28302.877115233357,5394.449172070779,203893843.41379312
horizontal_shake,-3879.8571428571427,14080.808168010844,-23328.0,24590.0,47918.0,213322450.1133005,0.01485148514851485,724.0492610837439,2728.5810108092287,-5451.0,6040.0,11491.0,7969401.665024631,0.10891089108910891,-63.083743842364534,1465.330362684369,-4482.0,4282.0,8764.0,2151172.630541872,0.08415841584158416,13119.407924133326,24984.579003857558,7164.088227336021,223443024.408867
horizontal_shake,-5213.4975369458125,16921.81190800778,-29014.0,27767.0,56781.0,313528274.817734,0.009900990099009901,876.9211822660099,2962.4571554249783,-5493.0,5980.0,11473.0,9545143.157635467,0.0594059405940594,61.17733990147783,1729.1550281590435,-4097.0,4659.0,8756.0,2993719.7783251232,0.0891089108910891,16219.305084641046,29653.3796556143,7937.334585679998,326067137.7536946
horizontal_shake,859.9113300492611,2418.8709681606724,-5304.0,5998.0,11302.0,6590384.256157636,0.0891089108910891,-3279.4827586206898,20522.03621638096,-35307.0,25063.0,60370.0,431908977.63054186,0.01485148514851485,102.93103448275862,2439.3622935481817,-6002.0,5575.0,11577.0,5961083.197044335,0.07920792079207921,18772.08381138292,35655.01269106491,9595.275632422416,444460445.0837439
horizontal_shake,141.6305418719212,1440.197782138978,-2621.0,3329.0,5950.0,2094228.8620689656,0.054455445544554455,-1375.7241379310344,14402.50193962648,-23893.0,22055.0,45948.0,209324679.02463055,0.01485148514851485,140.36453201970443,2947.8617206814947,-4860.0,5914.0,10774.0,8709590.926108375,0.054455445544554455,13629.810826796143,24057.541748898617,5861.463608908492,220128498.8128079
horizontal_shake,-85.32019704433498,1344.6786313509199,-4202.0,2274.0,6476.0,1815440.157635468,0.09900990099009901,3610.118226600985,13878.137658305233,-21530.0,20966.0,42496.0,205635658.4729064,0.009900990099009901,-667.0443349753695,1967.8305183052034,-3443.0,3164.0,6607.0,4317305.093596059,0.039603960396039604,13746.616000828253,21782.207601618346,4774.824839709914,211768403.72413793
horizontal_shake,-302.23152709359607,1290.2234123532126,-4135.0,2839.0,6974.0,1756020.3497536946,0.14356435643564355,2832.0985221674878,13159.833045048277,-18735.0,22967.0,41702.0,181201987.8128079,0.009900990099009901,-348.9064039408867,2007.498817821582,-3785.0,3654.0,7439.0,4151787.18226601,0.019801980198019802,12705.855496196855,23206.58221281195,5066.658805819827,187109795.3448276
horizontal_shake,-365.5221674876847,1384.1587024427556,-4039.0,3215.0,7254.0,2049501.7684729064,0.0891089108910891,2448.4039408866997,12510.229475569706,-18284.0,20840.0,39124.0,162500523.38916257,0.009900990099009901,-97.92610837438424,1917.7982139979997,-3396.0,4083.0,7479.0,3687539.512315271,0.0594059405940594,12306.245254074976,21047.72581539393,4098.035189759591,168237564.66995075
horizontal_shake,157.01477832512316,2104.548415756776,-4116.0,4912.0,9028.0,4453777.674876847,0.04950495049504951,748.8817733990148,17511.054807991593,-26613.0,24979.0,51592.0,307197864.3990148,0.01485148514851485,-59.13300492610838,3240.453925364194,-4821.0,6204.0,11025.0,10504038.354679802,0.024752475247524754,16636.301729563143,26842.035690312314,6737.146665429345,322155680.4285714
horizontal_shake,54.827586206896555,1911.3019792768932,-4798.0,3394.0,8192.0,3656081.3201970444,0.09900990099009901,-1601.768472906404,14254.617730785647,-20829.0,24571.0,45400.0,205759788.8916256,0.01485148514851485,93.07389162561576,2275.8526490645904,-3909.0,4657.0,8566.0,5188168.029556651,0.024752475247524754,13659.796480474255,24649.498291040327,5292.8251769166145,214604038.24137932
horizontal_shake,-229.20197044334975,1330.841540347069,-3656.0,2428.0,6084.0,1823672.7487684728,0.08415841584158416,4135.014778325123,13184.838034083063,-18276.0,20626.0,38902.0,190938301.20197046,0.009900990099009901,-397.6502463054187,1787.5264415247639,-3906.0,3501.0,7407.0,3353376.4975369456,0.09405940594059406,12933.65186054945,20967.88651724346,5369.916200312771,196115350.44827586
horizontal_shake,-8.438423645320198,1514.0437291227875,-3549.0,3489.0,7038.0,2292399.620689655,0.07425742574257425,2181.669950738916,13371.963875074189,-19235.0,18046.0,37281.0,183569101.6502463,0.01485148514851485,-408.6502463054187,2212.0966851987782,-4323.0,4200.0,8523.0,5060366.768472906,0.06930693069306931,12797.300035402784,19523.824702142763,5210.660211843471,190921868.03940886
horizontal_shake,180.6305418719212,2216.857936315747,-5724.0,5638.0,11362.0,4947086.502463054,0.07920792079207921,214.89162561576356,19859.606132350596,-32711.0,32723.0,65434.0,394450134.14285713,0.019801980198019802,-679.5960591133005,3261.642344378759,-8513.0,5239.0,13752.0,11100161.586206896,0.04950495049504951,18031.350017544453,33628.120464872845,9239.469615531318,410497382.2315271
horizontal_shake,554.5665024630542,3234.827509164951,-4639.0,9509.0,14148.0,10771653.019704433,0.06930693069306931,-3330.1428571428573,23497.968907600243,-32684.0,32803.0,65487.0,563244394.2315271,0.019801980198019802,173.67980295566502,4441.7050193315,-10569.0,7673.0,18242.0,19758908.15270936,0.0297029702970297,21869.49725630969,34446.072214404936,10747.094731144956,593774955.4039409
horizontal_shake,289.38916256157637,2597.9198160682295,-4758.0,6830.0,11588.0,6832933.458128079,0.07920792079207921,-2.5665024630541873,22090.87203396341,-32642.0,32683.0,65325.0,488006633.8078818,0.019801980198019802,-743.0689655172414,3444.200979811199,-8094.0,6657.0,14751.0,12414671.876847291,0.0594059405940594,19926.781303832835,33251.278005514316,10496.553053839873,507254239.14285713
horizontal_shake,-162.9655172413793,2010.4201981663375,-4120.0,4778.0,8898.0,4068347.133004926,0.06435643564356436,1395.8817733990147,19963.467722152178,-31477.0,32680.0,64157.0,400488529.41871923,0.019801980198019802,-1176.5911330049262,4044.955941270304,-8851.0,7170.0,16021.0,17746035.261083744,0.039603960396039604,18468.846539336613,33631.78276571137,9011.360569816406,422302911.81280786
horizontal_shake,414.5911330049261,1821.2393780710563,-4478.0,4306.0,8784.0,3488798.6798029556,0.07425742574257425,-4027.753694581281,17285.531477553737,-29940.0,25078.0,55018.0,315012398.28571427,0.01485148514851485,260.09852216748766,3434.4836670537384,-6374.0,6770.0,13144.0,11863329.30049261,0.04455445544554455,16378.688161547147,30749.702844092655,7880.552034775541,330364526.26600987
horizontal_shake,-147.08823529411765,1659.4805506835226,-3132.0,3856.0,6988.0,2775510.6470588236,0.07881773399014778,2477.8529411764707,14025.6450338524,-20161.0,21327.0,41488.0,202858473.8137255,0.014778325123152709,-508.44607843137254,2966.3547068906755,-4194.0,5171.0,9365.0,9057777.661764706,0.034482758620689655,13580.946518701401,21587.500943833216,5499.9685252482395,214691762.12254903
horizontal_shake,695.3399014778325,3438.9971298114256,-5708.0,8084.0,13792.0,12310198.837438423,0.06435643564356436,-2189.064039408867,23099.934816423025,-32672.0,32839.0,65511.0,538398989.8916256,0.024752475247524754,-489.26600985221677,4992.744479404881,-11461.0,9319.0,20780.0,25166878.66502463,0.024752475247524754,21573.578409951442,33940.34397291813,10509.842148375303,575876067.3940886
horizontal_shake,513.4729064039409,2113.713015600775,-3263.0,4589.0,7852.0,4731437.137931035,0.07920792079207921,-2583.8374384236454,24126.370220730696,-32654.0,32832.0,65486.0,588757955.9359607,0.024752475247524754,207.48275862068965,5643.517418302877,-10483.0,9722.0,20205.0,31892337.945812806,0.04455445544554455,22213.451080118768,34297.19596410179,11486.70196927192,625381731.0197045
horizontal_shake,-48.13793103448276,1102.126426857638,-2654.0,2616.0,5270.0,1216999.921182266,0.0891089108910891,-387.26600985221677,16004.685021844401,-23353.0,25212.0,48565.0,256299917.61083743,0.024752475247524754,76.85221674876847,2108.6685986537304,-4231.0,3664.0,7895.0,4452389.522167488,0.04455445544554455,14723.60923314773,25364.459801068107,6721.951963808854,261969307.05418718
horizontal_shake,-27.87192118226601,1808.4947891312906,-3584.0,5070.0,8654.0,3271430.2463054187,0.06435643564356436,670.0541871921182,19489.144689824287,-29939.0,27206.0,57145.0,380275733.3546798,0.01485148514851485,-406.6896551724138,2153.1416334820783,-5821.0,4544.0,10365.0,4801415.369458128,0.034653465346534656,18042.09637154459,30435.08102502768,7926.622073136895,388348578.97044337
horizontal_shake,-42.28712871287129,1970.0518379702023,-5193.0,4511.0,9704.0,3882892.4455445544,0.10945273631840796,-282.0495049504951,23133.344360992905,-32675.0,32803.0,65478.0,535231173.24752474,0.01990049751243781,-811.990099009901,3068.4370872347718,-6507.0,5036.0,11543.0,10074634.079207921,0.06965174129353234,20926.288275043113,33429.166097885245,10548.89372408644,549188699.7722772
horizontal_shake,639.4137931034483,2761.2984141927777,-4509.0,6371.0,10880.0,8033618.931034483,0.06435643564356436,-4731.068965517241,24657.76876739614,-32688.0,32629.0,65317.0,630388574.1428572,0.019801980198019802,-407.55172413793105,4047.1684294807515,-9559.0,8208.0,17767.0,16545670.704433497,0.06435643564356436,22942.209022528717,33807.03194603158,11341.20403418116,654967863.7783251
horizontal_shake,936.8039215686274,2740.781733479129,-4015.0,7409.0,11424.0,8389486.098039215,0.06896551724137931,1261.6470588235295,24231.32997375508,-32678.0,32809.0,65487.0,588749105.5980393,0.024630541871921183,-554.9754901960785,3373.291646702519,-6796.0,7837.0,14633.0,11687094.328431373,0.07389162561576355,22007.19796139369,34265.12015154769,11158.356685127887,608825686.0245098
horizontal_shake,-11.305418719211822,1079.5095243319286,-2505.0,4393.0,6898.0,1165468.6256157635,0.15841584158415842,-987.6453201970444,12901.941675474856,-26818.0,17186.0,44004.0,167435542.27586207,0.009900990099009901,-337.8817733990148,1881.4575698132799,-4364.0,3220.0,7584.0,3654046.6798029556,0.039603960396039604,11796.833132816962,27187.216426107327,5752.37217309108,172255057.5812808
horizontal_shake,90.27093596059113,2163.1795655926594,-4011.0,6991.0,11002.0,4687494.674876847,0.04455445544554455,-2101.399014778325,24077.944025926798,-32690.0,32543.0,65233.0,584163266.3349754,0.019801980198019802,-383.6256157635468,3444.8454372348024,-6261.0,8483.0,14744.0,12014128.69950739,0.0594059405940594,21854.145165077498,34317.242284309505,11102.30736437608,600864889.7093596
horizontal_shake,460.2216748768473,2190.9053047333023,-3221.0,4857.0,8078.0,5011870.044334975,0.07425742574257425,-630.4334975369458,22931.27932125935,-32637.0,32826.0,65463.0,526241017.7044335,0.024752475247524754,-525.320197044335,2374.2324538183907,-4829.0,6566.0,11395.0,5912941.054187193,0.10396039603960396,20753.396445296567,33057.563461332116,10318.060127141482,537165828.8029556
horizontal_shake,2.5294117647058822,1067.7130930802282,-3064.0,2536.0,5600.0,1140017.6470588236,0.09359605911330049,516.7009803921569,10764.268965724963,-20106.0,15504.0,35610.0,116136466.26960784,0.024630541871921183,-110.08823529411765,1461.7127953658,-3226.0,2703.0,5929.0,2148723.7156862747,0.06403940886699508,9775.53790808246,20377.72138881087,4885.086103641958,119425207.63235295
horizontal_shake,546.3004926108374,3049.02531197331,-5049.0,6437.0,11486.0,9594999.581280788,0.07425742574257425,-3906.822660098522,24374.78089244615,-32640.0,32847.0,65487.0,609393206.8522167,0.0297029702970297,-863.3448275862069,2453.5934096769556,-5996.0,5022.0,11018.0,6765484.911330049,0.07920792079207921,22528.62241319558,33402.67071657594,10872.665887834917,625753691.3448275
horizontal_shake,455.13300492610836,1996.6829727424783,-4014.0,5226.0,9240.0,4193888.945812808,0.06435643564356436,3453.270935960591,24373.44396024583,-32643.0,32844.0,65487.0,605989850.6403941,0.019801980198019802,-609.3891625615763,1575.285315084845,-2935.0,3636.0,6571.0,2852878.975369458,0.04950495049504951,22584.7111865642,33039.1897146404,10147.28728188268,613036618.5615764
horizontal_shake,549.1330049261084,1841.1417738921614,-3026.0,4944.0,7970.0,3691350.0886699506,0.06930693069306931,-270.6009852216749,21993.994703288325,-32682.0,32801.0,65483.0,483809027.9014778,0.019801980198019802,-285.3990147783251,1845.9325792381,-3918.0,3831.0,7749.0,3488919.684729064,0.09405940594059406,19565.551457584304,33005.38454555559,10400.889088702843,490989297.67487687
horizontal_shake,240.0295566502463,2562.1379117700435,-3988.0,7890.0,11878.0,6622164.866995074,0.09900990099009901,-88.35467980295566,22321.054803905023,-32668.0,32819.0,65487.0,498237294.10837436,0.019801980198019802,-491.0886699507389,3191.494669992547,-7762.0,5787.0,13549.0,10426806.310344828,0.0594059405940594,20282.575928295548,33926.424524255424,10193.300692054578,515286265.28571427
horizontal_shake,845.8817733990148,2295.990376435095,-4004.0,5872.0,9876.0,5987087.783251232,0.054455445544554455,-618.1083743842364,20165.04520540528,-31146.0,30189.0,61335.0,407011106.0985222,0.01485148514851485,-99.33004926108374,2838.6069077598213,-4399.0,7073.0,11472.0,8067555.63546798,0.019801980198019802,18924.067873122436,31638.37393103508,7933.814004039719,421065749.51724136
horizontal_shake,342.064039408867,2221.048900311254,-4647.0,4127.0,8774.0,5050066.024630542,0.06435643564356436,2063.7783251231526,21594.484881005686,-32510.0,31555.0,64065.0,470580958.25123155,0.019801980198019802,-846.320197044335,2372.9129281262985,-5361.0,5723.0,11084.0,6346973.640394089,0.039603960396039604,19922.377668809193,32538.705644201644,9223.712156045869,481977997.9162561
horizontal_shake,-26.527093596059114,1471.2060040690408,-3781.0,2859.0,6640.0,2165150.793103448,0.06435643564356436,4628.04433497537,17134.211066171196,-27725.0,28760.0,56485.0,314999983.226601,0.019801980198019802,-676.7192118226601,1723.7244030615002,-4293.0,3990.0,8283.0,3429174.709359606,0.054455445544554455,15938.371535802473,28842.41408065559,8158.591883149069,320594308.72906405
horizontal_shake,42.004926108374384,1533.1460988982317,-4911.0,2745.0,7656.0,2352301.3743842365,0.07920792079207921,-2679.753694581281,16862.468239013757,-23352.0,27291.0,50643.0,291523914.97536945,0.01485148514851485,-27.06896551724138,2818.7031142841706,-4590.0,5508.0,10098.0,7945819.975369458,0.024752475247524754,16111.535116527743,27468.772724677743,6499.267075141346,301822036.32512313
horizontal_shake,610.6699507389162,1557.869235877041,-2998.0,3848.0,6846.0,2799874.3448275863,0.0891089108910891,-3275.911330049261,14951.598383737799,-24275.0,29256.0,53531.0,234281889.27093595,0.01485148514851485,266.5566502463054,2451.9566612127596,-4287.0,5697.0,9984.0,6083143.916256158,0.06435643564356436,14034.370855254638,29395.79930874478,6797.156922508029,243164907.5320197
horizontal_shake,492.02463054187194,2330.529362133788,-4033.0,4809.0,8842.0,5673455.344827586,0.04455445544554455,2821.2512315270938,21388.672117425496,-32683.0,32772.0,65455.0,465434753.4581281,0.024752475247524754,-992.6453201970444,2338.096628594632,-4867.0,6419.0,11286.0,6452040.57635468,0.07425742574257425,19406.41951506859,33242.180448941675,10047.444002554828,477560249.37931037
horizontal_shake,40.241379310344826,1564.4983507563309,-3219.0,3929.0,7148.0,2449274.458128079,0.10396039603960396,-827.5123152709359,19264.359373529875,-30639.0,28318.0,58957.0,371800318.7044335,0.019801980198019802,-131.79310344827587,2369.50073861505,-4183.0,4749.0,8932.0,5631903.172413793,0.06435643564356436,17789.51297587887,30747.399467272026,7963.33626164389,379881496.33497536
horizontal_shake,226.2216748768473,1825.2721033733192,-3045.0,3933.0,6978.0,3382794.4975369456,0.08415841584158416,3130.6108374384235,16066.688184348526,-26004.0,26089.0,52093.0,267939193.42857143,0.019801980198019802,-389.10837438423647,1510.9650875000905,-3431.0,4255.0,7686.0,2434420.8226600983,0.0891089108910891,14896.616029557237,26216.952492614393,7200.502733608759,273756408.74876845
horizontal_shake,393.88235294117646,1759.1241876933523,-2462.0,6202.0,8664.0,3249661.2156862747,0.07881773399014778,2687.142156862745,15650.758184490598,-23517.0,24901.0,48418.0,252166964.72058824,0.014778325123152709,-344.1617647058824,1700.3268654356955,-3789.0,5076.0,8865.0,3009558.7696078434,0.09359605911330049,14663.440864088256,24926.146312657318,6588.60279052159,258426184.70588234
horizontal_shake,612.9261083743843,1808.8032920192927,-2986.0,4818.0,7804.0,3647447.763546798,0.054455445544554455,1333.8226600985222,17442.860082571784,-29060.0,30279.0,59339.0,306032450.74876845,0.01485148514851485,-66.17733990147784,1980.6793575233303,-4396.0,5139.0,9535.0,3927470.157635468,0.0891089108910891,16116.625089214129,30576.461355101248,7339.057460169156,313607368.6699507
rest,37.07843137254902,150.0123972834108,-347.0,211.0,558.0,23878.529411764706,0.5073891625615764,4.151960784313726,153.86925136544718,-166.0,383.0,549.0,23692.985294117647,0.5270935960591133,13.156862745098039,127.02533675764428,-134.0,173.0,307.0,16308.539215686274,0.5172413793103449,243.87364913994207,451.6259514244061,66.37542600041843,63880.05392156863
rest,18.284313725490197,153.64262566295676,-357.0,201.0,558.0,23940.37254901961,0.4433497536945813,-7.446078431372549,152.64778128646395,-181.0,371.0,552.0,23356.789215686276,0.5369458128078818,-18.176470588235293,128.82157532764526,-188.0,122.0,310.0,16925.382352941175,0.45320197044334976,245.04418417965354,435.14939963189653,64.62114141188712,64222.544117647056
rest,-9.650246305418719,163.25292667037175,-401.0,169.0,570.0,26744.645320197043,0.5346534653465347,16.0935960591133,146.49970530199315,-161.0,391.0,552.0,21721.16748768473,0.47029702970297027,-5.694581280788177,131.1283555744604,-156.0,418.0,574.0,17227.073891625616,0.38613861386138615,247.2102946385801,471.22606039988915,67.67537901049266,65692.88669950739
rest,-18.600985221674875,147.69524407435077,-386.0,166.0,552.0,22159.881773399014,0.49504950495049505,48.30541871921182,155.83607441431553,-146.0,405.0,551.0,26618.295566502464,0.5396039603960396,12.89655172413793,134.272108610355,-147.0,427.0,574.0,18195.320197044333,0.5099009900990099,248.19231125256772,564.8539634277164,73.308077126974,66973.49753694581
rest,-5.448275862068965,152.22582082742736,-386.0,178.0,564.0,23202.384236453203,0.5198019801980198,-25.763546798029555,154.56257441593146,-201.0,361.0,562.0,24553.34975369458,0.5198019801980198,7.58128078817734,130.59008571491765,-142.0,432.0,574.0,17111.24630541872,0.4900990099009901,245.4312053382865,490.6128820159536,68.04780482691858,64866.9802955665
rest,0.9408866995073891,151.8022970587639,-383.0,185.0,568.0,23044.82266009852,0.5247524752475248,-2.1724137931034484,149.0179505423047,-178.0,370.0,548.0,22211.068965517243,0.41089108910891087,2.960591133004926,134.4817764629683,-164.0,418.0,582.0,18094.113300492612,0.4504950495049505,243.50722786575426,456.1019622847505,63.672874155671174,63350.00492610838
rest,0.39408866995073893,144.14074390583022,-396.0,178.0,574.0,20776.709359605913,0.5148514851485149,-14.211822660098521,155.1244834881524,-184.0,366.0,550.0,24265.581280788178,0.5396039603960396,8.285714285714286,135.02532928903727,-155.0,416.0,571.0,18300.49261083744,0.5297029702970297,243.62530461897651,470.2722615677008,63.16244295894899,63342.78325123153
rest,30.591133004926107,136.5279715478571,-380.0,180.0,560.0,19575.704433497536,0.4752475247524752,30.75862068965517,145.18866904067252,-147.0,399.0,546.0,22025.842364532018,0.4603960396039604,-11.152709359605911,135.0137425227494,-179.0,397.0,576.0,18353.093596059112,0.5148514851485149,238.6380199449509,450.43645500780684,54.831886989615015,59954.64039408867
rest,3.1822660098522166,138.137010877518,-404.0,164.0,568.0,19091.960591133004,0.44554455445544555,-6.285714285714286,156.13814504402913,-198.0,356.0,554.0,24418.63054187192,0.46534653465346537,7.615763546798029,134.73316138256808,-149.0,427.0,576.0,18211.024630541873,0.4801980198019802,240.60372517257838,474.52291830848384,61.89881417786043,61721.6157635468
rest,-54.58620689655172,151.1187384484231,-437.0,129.0,566.0,25816.527093596058,0.5297029702970297,-1.8078817733990147,145.78554847711825,-182.0,366.0,548.0,21256.69458128079,0.504950495049505,27.694581280788178,127.89922649541379,-134.0,180.0,314.0,17125.20197044335,0.48514851485148514,244.11604517499939,489.32811078048644,67.8658981627581,64198.423645320196
rest,-13.980392156862745,147.83854338314538,-406.0,162.0,568.0,22051.686274509804,0.4975369458128079,19.558823529411764,150.52724810526936,-161.0,399.0,560.0,23041.0,0.5073891625615764,22.82843137254902,128.45398571690566,-139.0,179.0,318.0,17021.563725490196,0.5024630541871922,241.44420473608025,448.3759583206932,61.797621308281755,62114.25
rest,3.477832512315271,140.18771107407633,-372.0,190.0,562.0,19664.689655172413,0.4900990099009901,-20.320197044334975,146.88902327465405,-193.0,361.0,554.0,21989.295566502464,0.5,-24.748768472906406,131.8486628208489,-199.0,377.0,576.0,17996.571428571428,0.4752475247524752,235.15181904418014,438.4848914158845,65.98620045478803,59650.556650246304
rest,24.216748768472907,163.97246048741383,-454.0,222.0,676.0,27473.418719211822,0.5,50.42857142857143,151.7422255868089,-153.0,397.0,550.0,25568.743842364533,0.4752475247524752,-21.137931034482758,128.32317841250216,-163.0,139.0,302.0,16913.65024630542,0.47029702970297027,253.7854364399733,487.59922067205974,74.4900332853601,69955.81280788177
rest,-8.236453201970443,132.06336459148383,-400.0,156.0,556.0,17508.571428571428,0.4504950495049505,12.044334975369457,150.8468149521494,-174.0,378.0,552.0,22899.827586206895,0.47029702970297027,25.724137931034484,130.33723881263236,-133.0,437.0,570.0,17649.527093596058,0.5247524752475248,234.55911491867795,464.17345895688607,55.135720879850886,58057.926108374384
rest,-3.5665024630541873,146.97182887827967,-382.0,178.0,560.0,21613.43842364532,0.5247524752475248,21.35960591133005,147.0675048375917,-159.0,397.0,556.0,22085.083743842366,0.48514851485148514,3.5467980295566504,128.2592107797561,-153.0,163.0,316.0,16463.004926108373,0.5643564356435643,238.03506237170043,439.93294943661584,59.16786438005749,60161.52709359606
rest,-0.9261083743842364,143.9310503310084,-406.0,160.0,566.0,20717.004926108373,0.5693069306930693,13.773399014778326,153.83225424174526,-150.0,392.0,542.0,23854.068965517243,0.4801980198019802,12.10344827586207,127.57848598659402,-138.0,172.0,310.0,16422.76354679803,0.5544554455445545,239.49643133762197,456.47891517571765,60.29342265096034,60993.837438423645
rest,-3.4607843137254903,149.1605380427035,-387.0,173.0,560.0,22260.843137254902,0.4729064039408867,-13.0,157.33481845427355,-180.0,374.0,554.0,24923.245098039217,0.45320197044334976,-1.4950980392156863,128.78453268278656,-150.0,154.0,304.0,16587.691176470587,0.6108374384236454,244.44989752910314,445.8632077218303,63.37213117590163,63771.779411764706
rest,15.625615763546797,147.41910275180737,-368.0,184.0,552.0,21976.55172413793,0.45544554455445546,-15.876847290640393,153.32087350432553,-186.0,362.0,548.0,23759.364532019703,0.4752475247524752,20.669950738916256,134.22033364597544,-134.0,437.0,571.0,18442.344827586207,0.5693069306930693,243.8739858799755,581.3578932120902,68.58381802405991,64178.26108374384
rest,-13.798029556650246,149.8017527242925,-385.0,169.0,554.0,22630.950738916257,0.4752475247524752,18.2807881773399,155.22833959737216,-167.0,389.0,556.0,24430.024630541873,0.47029702970297027,-10.019704433497537,127.90371072665026,-176.0,133.0,309.0,16459.75369458128,0.5297029702970297,242.95017611358656,441.1723019410897,67.0517784284407,63520.729064039406
rest,22.93103448275862,148.46052425968952,-371.0,191.0,562.0,22566.35960591133,0.5148514851485149,-10.866995073891626,155.43971332055813,-198.0,355.0,553.0,24279.5960591133,0.44554455445544555,-7.729064039408867,133.25001683975103,-173.0,405.0,578.0,17815.30541871921,0.5396039603960396,246.09302877895823,479.1857677352281,64.02719945572106,64661.26108374384
rest,-11.926108374384237,148.1813875089145,-383.0,173.0,556.0,22099.95566502463,0.5099009900990099,-29.374384236453203,153.17383708865944,-190.0,364.0,554.0,24325.07881773399,0.4752475247524752,25.55665024630542,131.84245895335775,-122.0,443.0,565.0,18035.576354679804,0.4504950495049505,245.06343988591246,582.8979327463771,66.36656740198411,64460.61083743842
rest,12.663366336633663,139.71514707196582,-375.0,185.0,560.0,19680.68316831683,0.48756218905472637,-27.57920792079208,150.74670961178072,-183.0,363.0,546.0,23485.18316831683,0.4577114427860697,-2.6930693069306932,131.66381902061858,-161.0,407.0,568.0,17342.61386138614,0.5970149253731343,239.56940532346994,439.58503159229616,55.812007946128745,60508.4801980198
rest,-7.7254901960784315,148.36733407606312,-386.0,176.0,562.0,22072.549019607843,0.4975369458128079,40.11764705882353,165.09565225790672,-165.0,399.0,564.0,28866.0,0.42857142857142855,11.230392156862745,127.02748219648996,-148.0,164.0,312.0,16262.10294117647,0.4482758620689655,247.89797050359178,557.3051228905042,75.8106073118045,67200.65196078431
rest,4.793103448275862,145.32944247119815,-367.0,191.0,558.0,21143.620689655174,0.42574257425742573,-19.891625615763548,151.71852366300084,-201.0,355.0,556.0,23414.18719211823,0.4801980198019802,-12.788177339901479,129.92464454151678,-164.0,408.0,572.0,17043.950738916257,0.49504950495049505,239.3795901905454,479.5101667326773,65.56805945653849,61601.75862068965
rest,-56.6551724137931,150.2230174958599,-417.0,133.0,550.0,25776.76354679803,0.5,42.86206896551724,156.1913714704745,-144.0,403.0,547.0,26232.90147783251,0.43564356435643564,4.29064039408867,128.49465404947514,-142.0,186.0,328.0,16529.285714285714,0.5198019801980198,251.08621493568694,588.6034318622344,74.1259968444693,68538.95073891626
rest,13.275862068965518,147.58884026931068,-369.0,187.0,556.0,21958.714285714286,0.4801980198019802,-31.12807881773399,150.64067889414315,-189.0,360.0,549.0,23661.571428571428,0.5148514851485149,-33.34975369458128,128.4114417098737,-181.0,123.0,304.0,17601.704433497536,0.4900990099009901,243.7799122637739,432.75166088647194,61.590133336841525,63221.99014778325
rest,10.176470588235293,139.28623454111064,-383.0,173.0,556.0,19504.21568627451,0.4975369458128079,-20.808823529411764,155.9902200321377,-219.0,331.0,550.0,24765.95588235294,0.4729064039408867,10.073529411764707,129.17968745994523,-157.0,410.0,567.0,16788.867647058825,0.46798029556650245,238.39016895489297,448.47853906290766,65.03204257397908,61059.03921568627
rest,11.310344827586206,149.28967194398334,-394.0,164.0,558.0,22415.330049261083,0.5099009900990099,-31.35960591133005,142.9012327070844,-201.0,339.0,540.0,21404.18719211823,0.4900990099009901,-14.458128078817735,126.8246995043855,-189.0,127.0,316.0,16293.541871921183,0.5247524752475248,237.31221977653897,541.7157926440764,61.61143934394177,60113.05911330049
rest,-0.9117647058823529,152.56490762315653,-410.0,216.0,626.0,23276.882352941175,0.4088669950738916,-30.181372549019606,145.01670439979958,-195.0,354.0,549.0,21940.75980392157,0.5270935960591133,20.308823529411764,129.31015200803608,-138.0,172.0,310.0,17133.563725490196,0.4827586206896552,242.05914432650238,465.01290304678645,61.30723065246349,62351.205882352944
rest,-9.492610837438423,137.58720904642095,-387.0,177.0,564.0,19020.34975369458,0.4900990099009901,28.551724137931036,145.43246544158052,-156.0,400.0,556.0,21965.802955665025,0.4900990099009901,20.399014778325125,127.9577493346647,-150.0,172.0,322.0,16789.30541871921,0.45544554455445546,234.68565970762208,460.48018415562683,51.94323108622569,57775.45812807882
rest,14.152709359605911,146.81146829087774,-367.0,197.0,564.0,21753.906403940888,0.4603960396039604,6.12807881773399,149.12332764208273,-178.0,375.0,553.0,22275.320197044333,0.4752475247524752,3.206896551724138,128.54834267947427,-142.0,161.0,303.0,16534.960591133004,0.5099009900990099,238.46392278126177,430.2069269549248,60.82059457034839,60564.187192118225
rest,23.413793103448278,147.76904562266432,-369.0,193.0,562.0,22383.896551724138,0.48514851485148514,30.862068965517242,147.5039640100396,-147.0,415.0,562.0,22709.886699507388,0.5099009900990099,31.305418719211822,134.24584212657373,-119.0,455.0,574.0,19001.975369458127,0.5247524752475248,244.7205917202793,504.7722258603379,64.865943366038,64095.75862068965
rest,-30.166666666666668,152.29831300375872,-413.0,141.0,554.0,24104.803921568626,0.49261083743842365,-17.07843137254902,144.6244756137737,-170.0,380.0,550.0,21207.91176470588,0.5221674876847291,-13.416666666666666,126.21475596848032,-177.0,141.0,318.0,16110.171568627451,0.5221674876847291,240.34625932119647,457.0547013214064,60.46952029915727,61422.88725490196
rest,-13.596059113300493,142.77494220765928,-394.0,156.0,550.0,20569.536945812808,0.504950495049505,-9.645320197044335,137.80775613336587,-173.0,377.0,550.0,19084.00985221675,0.504950495049505,11.004926108374384,128.1587492150419,-153.0,150.0,303.0,16545.77339901478,0.5099009900990099,232.35603979200576,442.45225731145274,47.01054104368687,56199.32019704433
rest,-6.610837438423645,148.0157802823712,-386.0,174.0,560.0,21952.374384236453,0.46534653465346537,58.38423645320197,162.6208081371979,-132.0,420.0,552.0,29854.24630541872,0.46534653465346537,1.083743842364532,128.80434577075383,-163.0,160.0,323.0,16591.733990147783,0.5594059405940595,250.26712542478072,465.4599875392084,75.92575723310294,68398.35467980296
rest,10.25615763546798,147.54935184729356,-366.0,192.0,558.0,21876.0,0.5445544554455446,22.866995073891626,146.93779738323767,-160.0,386.0,546.0,22113.615763546797,0.4900990099009901,-10.206896551724139,130.63236328212864,-167.0,405.0,572.0,17168.995073891627,0.5445544554455446,238.96718518972182,557.0475742699182,63.665494892756385,61158.61083743842
rest,-30.591133004926107,151.91209968185802,-412.0,148.0,560.0,24013.103448275862,0.4900990099009901,-19.20689655172414,143.5478895793452,-191.0,351.0,542.0,20974.90147783251,0.4801980198019802,11.61576354679803,127.06547766242234,-141.0,165.0,306.0,16280.56157635468,0.4405940594059406,239.6337932440101,463.99245683523776,62.001706734170774,61268.56650246305
rest,5.197044334975369,148.7578804176032,-371.0,195.0,566.0,22155.916256157634,0.5148514851485149,-68.85714285714286,148.76166770720488,-253.0,299.0,552.0,26871.339901477833,0.5,12.960591133004925,132.4584084686012,-144.0,426.0,570.0,17713.206896551725,0.4900990099009901,247.8883789170854,460.04021563337267,72.74485996994332,66740.46305418719
rest,-32.13793103448276,143.66278485869208,-408.0,152.0,560.0,21671.842364532018,0.5,18.20689655172414,148.6399973743025,-179.0,384.0,563.0,22425.339901477833,0.47029702970297027,19.103448275862068,128.37719261679044,-143.0,173.0,316.0,16845.645320197043,0.5297029702970297,238.48681267709657,578.0,63.771998285504374,60942.8275862069
rest,30.64039408866995,155.9245862425762,-344.0,216.0,560.0,25251.310344827587,0.4752475247524752,18.02463054187192,166.94181867317678,-209.0,387.0,596.0,28194.45812807882,0.4504950495049505,21.896551724137932,128.2468530152161,-133.0,167.0,300.0,16926.714285714286,0.504950495049505,253.823754144014,439.90567170701496,77.11021067835199,70372.4827586207
rest,13.916256157635468,151.7122239580546,-367.0,191.0,558.0,23210.26108374384,0.5297029702970297,-50.98522167487685,146.14826393952507,-219.0,329.0,548.0,23958.8078817734,0.504950495049505,-7.275862068965517,126.73824994310544,-147.0,151.0,298.0,16115.522167487685,0.5594059405940595,243.133201148862,435.53874684119666,64.58202251487614,63284.59113300493
rest,-3.0492610837438425,146.4384991269291,-379.0,171.0,550.0,21453.532019704435,0.46534653465346537,40.77832512315271,141.69670351266947,-142.0,408.0,550.0,21740.827586206895,0.4158415841584158,-1.5763546798029557,126.91604545371008,-153.0,143.0,296.0,16110.167487684728,0.5247524752475248,236.4703659695563,570.2648507491936,58.19186465323216,59304.52709359606
rest,11.137931034482758,145.88577990327016,-383.0,183.0,566.0,21406.714285714286,0.4752475247524752,50.467980295566505,157.77077813355237,-135.0,420.0,555.0,27438.635467980297,0.47029702970297027,10.758620689655173,128.48528643243392,-145.0,171.0,316.0,16624.216748768475,0.46534653465346537,246.23883857768448,475.04210339716207,69.54136091834896,65469.56650246305
rest,-28.431372549019606,144.14436593724167,-407.0,147.0,554.0,21585.941176470587,0.4630541871921182,-41.03431372549019,153.31101862035678,-215.0,335.0,550.0,25188.083333333332,0.5024630541871922,15.514705882352942,127.63168816149346,-151.0,161.0,312.0,16530.553921568626,0.49261083743842365,243.99316056145312,465.49543499372794,61.415926522405854,63304.57843137255
rest,-3.5911330049261085,143.51823254933757,-385.0,179.0,564.0,20610.379310344826,0.4752475247524752,27.72906403940887,182.06032263089034,-287.0,587.0,874.0,33914.862068965514,0.4603960396039604,-6.4088669950738915,128.0798524020353,-156.0,148.0,304.0,16445.522167487685,0.4801980198019802,252.0237875533939,705.009219797869,86.34103343161804,70970.76354679803
rest,27.862068965517242,141.68132106448093,-348.0,210.0,558.0,20849.891625615764,0.4504950495049505,28.99014778325123,154.73014774808965,-158.0,400.0,558.0,24781.847290640395,0.49504950495049505,-10.699507389162562,133.17170423043748,-165.0,410.0,575.0,17849.18226600985,0.5396039603960396,242.1297642274144,474.27418230386525,69.67136038174296,63480.92118226601
rest,-12.519607843137255,142.59219448924256,-395.0,171.0,566.0,20489.274509803923,0.5172413793103449,-35.294117647058826,142.08762749432668,-204.0,343.0,547.0,21434.56862745098,0.5172413793103449,-6.8431372549019605,127.62742537481783,-156.0,152.0,308.0,16335.588235294117,0.5073891625615764,234.83847398881855,463.65612257361596,55.77026543913918,58259.43137254902
rest,-6.70935960591133,136.13818414880438,-390.0,166.0,556.0,18578.620689655174,0.5544554455445545,-12.532019704433498,159.3079327831635,-186.0,358.0,544.0,25536.068965517243,0.49504950495049505,-36.724137931034484,131.2522962825003,-194.0,384.0,578.0,18575.827586206895,0.5346534653465347,243.35170804264305,442.2544516452039,58.9106393965268,62690.51724137931
rest,-25.441176470588236,137.62973013932617,-410.0,146.0,556.0,19589.196078431374,0.5172413793103449,5.7745098039215685,160.42128403007422,-203.0,363.0,566.0,25768.333333333332,0.42857142857142855,12.941176470588236,129.1250969309973,-139.0,171.0,310.0,16840.764705882353,0.5123152709359606,241.0742285905266,551.4127310826257,63.88669992361167,62198.294117647056
rest,-31.896551724137932,137.57564560623172,-415.0,137.0,552.0,19944.44827586207,0.47029702970297027,18.8128078817734,168.52081607837573,-187.0,371.0,558.0,28753.18719211823,0.4801980198019802,-5.059113300492611,132.3847819644142,-167.0,422.0,589.0,17551.32512315271,0.5396039603960396,248.3476267524028,566.8350730150702,67.61964860587585,66248.960591133
rest,-40.970443349753694,152.64233965538017,-417.0,131.0,548.0,24978.26108374384,0.5,31.724137931034484,151.23228718860344,-165.0,399.0,564.0,23877.625615763547,0.5297029702970297,-35.09852216748769,127.60364336793711,-173.0,131.0,304.0,17514.5960591133,0.48514851485148514,247.99575497578002,463.329256576789,69.77526977814968,66370.4827586207
rest,-3.8916256157635467,146.11571121161006,-386.0,178.0,564.0,21364.94581280788,0.4752475247524752,-29.019704433497537,143.0189956239109,-211.0,343.0,554.0,21296.576354679804,0.48514851485148514,23.08374384236453,131.43286840930966,-139.0,436.0,575.0,17807.45812807882,0.504950495049505,237.5457890043753,456.0712663608616,63.56869057842317,60468.9802955665
rest,9.246305418719212,148.01357421322783,-385.0,179.0,564.0,21993.512315270935,0.5396039603960396,-10.605911330049262,155.79471261044588,-191.0,361.0,552.0,24384.477832512315,0.4603960396039604,12.527093596059114,126.58026914520676,-142.0,160.0,302.0,16179.492610837438,0.4504950495049505,242.12903950882972,443.68119184838116,62.697774961734346,62557.48275862069
rest,25.04433497536946,146.09913971527337,-368.0,190.0,558.0,21972.17733990148,0.504950495049505,39.39408866995074,155.13700401360492,-155.0,405.0,560.0,25619.384236453203,0.44554455445544555,-13.344827586206897,126.97173693635648,-164.0,139.0,303.0,16299.906403940886,0.5643564356435643,244.0348158217881,458.1102487393182,65.86711354782145,63891.467980295565
rest,5.389162561576355,144.4278717175302,-374.0,180.0,554.0,20888.453201970442,0.4900990099009901,38.12315270935961,152.43847052651887,-163.0,385.0,548.0,24690.862068965518,0.400990099009901,13.22167487684729,133.6477434645097,-158.0,416.0,574.0,18036.532019704435,0.4801980198019802,242.63985550661823,571.3037720862693,68.8603500598699,63615.84729064039
rest,19.07881773399015,152.99774200523603,-375.0,181.0,556.0,23772.310344827587,0.5198019801980198,11.935960591133005,156.90790131479432,-170.0,383.0,553.0,24762.556650246304,0.46534653465346537,-41.05911330049261,127.0533282907443,-191.0,115.0,306.0,17828.399014778326,0.5198019801980198,248.82221224096946,455.7905220602991,66.71411174078646,66363.26600985222
rest,-7.74384236453202,141.63664536190538,-394.0,162.0,556.0,20120.906403940888,0.48514851485148514,-50.58128078817734,142.02826002125437,-223.0,321.0,544.0,22730.49261083744,0.4603960396039604,-3.5320197044334973,127.68365584448317,-164.0,150.0,314.0,16315.591133004926,0.45544554455445546,235.1925520581364,470.6336154589895,62.06008060068926,59166.99014778325
rest,22.54679802955665,155.95651638217194,-357.0,203.0,560.0,24830.793103448275,0.5396039603960396,7.192118226600985,147.51393868162205,-172.0,380.0,552.0,21812.08866995074,0.5099009900990099,-34.1871921182266,130.95388739604292,-194.0,386.0,580.0,18317.68472906404,0.5346534653465347,246.28092033595405,426.01056324931665,65.62221255747578,64960.56650246305
rest,-49.26108374384236,148.56895635005222,-424.0,132.0,556.0,24499.389162561576,0.4900990099009901,20.38423645320197,156.00290558044153,-171.0,387.0,558.0,24752.423645320196,0.400990099009901,-11.591133004926109,129.04482483977466,-179.0,132.0,311.0,16786.92118226601,0.5198019801980198,247.28563062660282,569.8912176898325,69.91817271461787,66038.73399014778
rest,-18.84729064039409,147.5189603912846,-408.0,160.0,568.0,22117.064039408866,0.5247524752475248,-3.2660098522167487,155.00404627593187,-179.0,369.0,548.0,24036.92118226601,0.504950495049505,31.339901477832512,135.62672526060783,-127.0,440.0,567.0,19376.79802955665,0.47029702970297027,246.30326127564774,487.201190474736,69.753041053502,65530.78325123153
rest,-17.374384236453203,152.98313675699683,-415.0,141.0,556.0,23705.709359605913,0.5396039603960396,-63.1576354679803,157.5707043685379,-227.0,329.0,556.0,28817.41379310345,0.4504950495049505,24.379310344827587,130.90111698943227,-143.0,429.0,572.0,17729.453201970442,0.5544554455445545,255.5271118353078,482.61060908355506,70.41641478935108,70252.5763546798
rest,32.13793103448276,144.213104115663,-362.0,194.0,556.0,21830.266009852217,0.4900990099009901,-10.886699507389162,144.23390953772042,-166.0,382.0,548.0,20921.940886699507,0.5,-16.00985221674877,133.52463251827626,-169.0,399.0,568.0,18085.14285714286,0.4801980198019802,240.05427187997813,444.6031938706694,56.66830071449271,60837.34975369458
rest,890.2068965517242,3555.1708011253277,-6114.0,8444.0,14558.0,13431707.743842365,0.07425742574257425,-1080.3004926108374,25467.856331492203,-32704.0,32823.0,65527.0,649778755.2758621,0.024752475247524754,-1134.7635467980297,4364.419759339779,-10516.0,8621.0,19137.0,20335848.14285714,0.06930693069306931,23578.162658436555,34826.464434392416,11296.74983412794,683546311.1625615
vertical_shake,3259.3743842364534,15492.790686283697,-27871.0,24741.0,52612.0,250650084.62561578,0.019801980198019802,-58.63054187192118,2378.32675719576,-7324.0,5967.0,13291.0,5659875.704433498,0.15346534653465346,-954.1724137931035,3605.5766897737717,-8139.0,6169.0,14308.0,13910628.261083744,0.04950495049504951,14978.529587072886,28214.818712867887,6772.314227818659,270220588.591133
vertical_shake,-597.1970443349753,10651.638293962575,-17533.0,22721.0,40254.0,113814042.65517241,0.01485148514851485,-102.91625615763547,2580.383978353917,-9425.0,5358.0,14783.0,6668973.231527094,0.1188118811881188,-104.29556650246306,4207.633247813836,-10056.0,7645.0,17701.0,17715055.11330049,0.01485148514851485,10551.500666238915,24790.200221055093,5183.040101172251,138198071.0
vertical_shake,2358.7093596059112,11449.759718229176,-16440.0,19186.0,35626.0,136660507.44827586,0.01485148514851485,582.8128078817734,1627.8725015231594,-3491.0,6172.0,9663.0,2989639.6502463054,0.18811881188118812,-284.2413793103448,3204.4649232280703,-9669.0,5133.0,14802.0,10349388.60591133,0.024752475247524754,11444.372591319108,20751.969087293863,4361.865620981158,149999535.7044335
vertical_shake,5.073891625615763,11710.50684180992,-22772.0,19804.0,42576.0,137135996.2364532,0.01485148514851485,129.0295566502463,1927.5738391901737,-5828.0,5707.0,11535.0,3732189.5320197046,0.12376237623762376,-90.54187192118226,2987.508199707682,-7162.0,7611.0,14773.0,8933403.073891625,0.024752475247524754,11270.506581798532,23599.025255293913,4772.553847993819,149801588.84236452
vertical_shake,1155.0541871921182,17634.362206095884,-27224.0,29466.0,56690.0,312304880.591133,0.019801980198019802,597.9261083743843,1425.505849014486,-3341.0,5248.0,8589.0,2389582.5566502465,0.18811881188118812,-11.699507389162562,3223.207725652989,-7447.0,7125.0,14572.0,10389204.921182266,0.04950495049504951,16283.163932084537,30055.774420234127,7742.2374304735995,325083668.0689655
vertical_shake,-1413.2906403940888,15661.6985473618,-21752.0,28154.0,49906.0,247286191.8226601,0.024752475247524754,1276.6699507389162,2091.1959843023,-5170.0,5661.0,10831.0,6002986.807881773,0.10891089108910891,780.5123152709359,4977.224858712264,-9085.0,11160.0,20245.0,25381966.768472906,0.024752475247524754,15191.50667871657,28461.966709979828,6920.207383418836,278671145.3990148
vertical_shake,834.9261083743843,18216.99168411652,-26646.0,32664.0,59310.0,332555887.6256158,0.0297029702970297,618.8226600985222,2626.316635898809,-5938.0,7582.0,13520.0,7280480.5566502465,0.10891089108910891,-359.69950738916253,6610.144413389306,-11907.0,12078.0,23985.0,43823392.901477836,0.019801980198019802,17075.48305540143,34633.941098292584,9596.230484333017,383659761.0837439
vertical_shake,-1646.7549019607843,14634.557647163861,-25395.0,23371.0,48766.0,216882079.2352941,0.019704433497536946,1153.921568627451,1797.7618393723408,-3354.0,4952.0,8306.0,4563482.617647059,0.13793103448275862,205.42156862745097,4792.607985499341,-7040.0,8755.0,15795.0,23011289.32352941,0.029556650246305417,13842.125286242352,26490.820787586028,7269.966900642716,244456851.17647058
vertical_shake,798.2745098039215,8891.816914573275,-12528.0,15954.0,28482.0,79701650.23529412,0.024630541871921183,71.40196078431373,1124.6715185786638,-3255.0,3606.0,6861.0,1269984.2647058824,0.13793103448275862,-556.4558823529412,3278.081568183055,-7912.0,4657.0,12569.0,11055461.916666666,0.009852216748768473,8585.70812941671,17808.877112271846,4279.335501352345,92027096.41666667
vertical_shake,2475.43842364532,10452.568333590354,-13638.0,20192.0,33830.0,115383980.15763547,0.01485148514851485,486.10837438423647,1133.1377370435314,-2474.0,4643.0,7117.0,1520302.4827586208,0.1188118811881188,-1010.3694581280788,3634.862238660849,-8158.0,5824.0,13982.0,14233069.93596059,0.024752475247524754,10249.801687723573,21816.321413107205,5106.7521908443605,131137352.57635468
vertical_shake,2272.235294117647,11402.798582508776,-16578.0,21406.0,37984.0,135186868.74509802,0.024630541871921183,317.53921568627453,1273.1554721656216,-3402.0,3660.0,7062.0,1721756.0098039217,0.10344827586206896,-1177.2696078431372,4501.050512550076,-11813.0,7077.0,18890.0,21645419.44607843,0.08374384236453201,10935.655587690751,23662.721610161414,6242.233660188341,158554044.2009804
vertical_shake,458.2857142857143,13434.296878799685,-22396.0,19858.0,42254.0,180690358.42364532,0.01485148514851485,-413.72906403940885,3831.5587781523145,-8629.0,8366.0,16995.0,14852014.408866996,0.04455445544554455,-740.6847290640394,3013.756731157042,-6237.0,8070.0,14307.0,9631343.502463054,0.11386138613861387,13148.410972379115,23645.448208904818,5682.693484290355,205173716.33497536
vertical_shake,-425.2857142857143,15017.123689920358,-27501.0,29541.0,57042.0,225694871.85714287,0.019801980198019802,-248.74384236453201,4161.739798585688,-9213.0,11766.0,20979.0,17381951.650246307,0.13366336633663367,-331.76354679802955,3278.6283001122247,-9066.0,6775.0,15841.0,10859470.581280788,0.06930693069306931,14304.665272755788,30549.503596621664,7022.310554446065,253936294.08866996
vertical_shake,-1330.1724137931035,24702.850112679003,-32815.0,32685.0,65500.0,612000162.3399014,0.04455445544554455,38.68472906403941,4261.123697064893,-8569.0,12307.0,20876.0,18158671.66995074,0.1188118811881188,-321.2413793103448,7793.09986357213,-18872.0,17416.0,36288.0,60835601.507389165,0.054455445544554455,23472.574774017998,37528.06248662459,11833.540002694679,690994435.5172414
vertical_shake,-1634.7783251231526,24459.561694173037,-32564.0,32684.0,65248.0,600942658.4433497,0.024752475247524754,-220.20197044334975,3686.648663498453,-8155.0,8291.0,16446.0,13639867.27586207,0.10396039603960396,-66.0295566502463,9159.64474912433,-18426.0,19234.0,37660.0,83903451.83251232,0.0594059405940594,23360.32287250885,38149.32310015474,12360.47300243257,698485977.5517242
vertical_shake,753.7142857142857,22668.802547185715,-32672.0,32830.0,65502.0,514442694.1477833,0.024752475247524754,95.76354679802955,4901.096313794988,-12524.0,13468.0,25992.0,24029915.733990148,0.09900990099009901,-524.6256157635468,8393.839317054273,-19777.0,17723.0,37500.0,70731770.51724137,0.07425742574257425,21396.643851495337,38136.66043323668,12303.9835944007,609204380.3990148
vertical_shake,3841.206896551724,23995.611764184905,-32569.0,32933.0,65502.0,590544254.3596059,0.024752475247524754,842.6502463054187,5085.341582013067,-10323.0,12581.0,22904.0,26570758.443349753,0.06435643564356436,-1086.1822660098521,8998.799608578385,-20489.0,20829.0,41318.0,82158186.31034483,0.0297029702970297,23654.03893066191,39536.74374553372,11821.998197429704,699273199.1133004
vertical_shake,1254.231527093596,12093.385441188659,-18681.0,18725.0,37406.0,147823068.15270936,0.019801980198019802,658.3990147783251,1846.8794566746128,-3080.0,5034.0,8114.0,3844452.9901477834,0.07425742574257425,-692.2857142857143,2809.5955754659226,-8284.0,6983.0,15267.0,8373086.807881773,0.08415841584158416,11467.491712019262,19707.672769761528,5342.026000077916,160040607.9507389
vertical_shake,742.7980295566502,9813.612565202355,-16972.0,18594.0,35566.0,96858740.49261084,0.039603960396039604,125.8768472906404,1507.2866168796638,-4166.0,4422.0,8588.0,2287757.9261083743,0.13861386138613863,-174.22660098522167,2472.150181538445,-6705.0,5770.0,12475.0,6141881.428571428,0.06930693069306931,9250.594573690349,18722.98312235526,4440.144128347794,105288379.84729064
vertical_shake,519.2463054187192,9881.697010200356,-15973.0,16371.0,32344.0,97917552.52709359,0.024752475247524754,374.64039408866995,1238.1150116259953,-2720.0,5090.0,7810.0,1673284.2068965517,0.13861386138613863,-134.05418719211823,2078.469466262832,-5615.0,3499.0,9114.0,4338005.847290641,0.039603960396039604,9246.512913099034,17051.725719117112,4293.115596996379,103928842.58128078
vertical_shake,4768.990196078431,21805.40216164968,-25358.0,40144.0,65502.0,498218830.92156863,0.024630541871921183,-58.57843137254902,3923.934102643384,-8370.0,9053.0,17423.0,15400690.274509804,0.09359605911330049,224.19117647058823,6408.413885445997,-12425.0,15583.0,28008.0,41118030.210784316,0.07389162561576355,20084.293899726967,41788.20041590688,12302.791957773368,554737551.4068627
vertical_shake,-457.19607843137254,22588.693684525406,-32916.0,32520.0,65436.0,510458110.627451,0.034482758620689655,91.63235294117646,3495.6020445770605,-7434.0,9720.0,17154.0,12227630.142156864,0.11330049261083744,-466.4019607843137,7768.287955527665,-17142.0,15167.0,32309.0,60563828.549019605,0.04433497536945813,21587.22485572821,36759.7879890513,10827.801824325083,583249569.3186275
vertical_shake,-1517.2216748768474,18826.660603592976,-32904.0,32448.0,65352.0,356745111.09359604,0.04455445544554455,-41.52709359605911,2434.646006173035,-5757.0,5994.0,11751.0,5929225.674876847,0.1485148514851485,-322.2413793103448,7176.874264794667,-20185.0,14333.0,34518.0,51611363.719211824,0.0594059405940594,16720.94057460482,38165.03491417242,11605.853987889854,414285700.4876847
vertical_shake,365.0534759358289,6314.515979124314,-9467.0,11577.0,21044.0,40006376.09090909,0.021505376344086023,-1639.625668449198,17491.260944293677,-27792.0,27342.0,55134.0,308632581.7540107,0.03225806451612903,350.1336898395722,1982.6149772213528,-4845.0,4425.0,9270.0,4053355.748663102,0.11827956989247312,16751.13632800338,29503.28252923732,8490.685797638966,352692313.59358287
vertical_shake,1708.3333333333333,18469.423508332868,-30685.0,32281.0,62966.0,344038007.50793654,0.5967741935483871,9691.492063492064,19314.18733492733,-23852.0,40933.0,64785.0,466962850.82539684,0.45161290322580644,5007.3015873015875,18384.03649446117,-31389.0,32111.0,63500.0,363045867.015873,0.3548387096774194,33007.13645292192,55936.37922676082,9196.503059717794,1174046725.3492064
vertical_shake,-9530.871921182266,16017.70343259395,-29731.0,18065.0,47796.0,347404342.8325123,0.01485148514851485,-715.743842364532,2641.473361703684,-5570.0,6472.0,12042.0,7489670.768472906,0.07920792079207921,1317.334975369458,5180.804436282391,-10317.0,8741.0,19058.0,28576106.044334974,0.019801980198019802,17554.151039821707,30636.32466533804,8678.819096884466,383470119.6453202
vertical_shake,-1643.615763546798,19507.140606721223,-32746.0,32754.0,65500.0,383230007.4285714,0.034653465346534656,-32.17733990147783,3549.6068592521733,-7175.0,10398.0,17573.0,12600744.236453202,0.12376237623762376,765.7044334975369,6555.511022028038,-10463.0,14064.0,24527.0,43561028.03940887,0.039603960396039604,17696.268685497012,35377.840521999075,11235.384030603107,439391779.7044335
vertical_shake,815.960591133005,10993.764695755457,-21892.0,16882.0,38774.0,121528653.87192118,0.019801980198019802,-848.935960591133,3766.00170057142,-9043.0,8241.0,17284.0,14903461.073891625,0.07920792079207921,-683.1133004926108,3119.7816855491865,-7702.0,6333.0,14035.0,10199681.54679803,0.06435643564356436,10813.068057374265,22939.51512129234,5450.628925106091,146631796.49261084
vertical_shake,-2009.8029556650247,12062.412357499466,-20004.0,20676.0,40680.0,149541099.80295566,0.019801980198019802,-570.7586206896551,4277.4663229190355,-12613.0,8355.0,20968.0,18622483.546798028,0.10891089108910891,-1025.8128078817733,1864.6412627770353,-5549.0,3481.0,9030.0,4529178.955665025,0.08415841584158416,11739.560592109776,23459.371879911876,5905.546495422919,172692762.30541873
vertical_shake,-909.8916256157636,10815.323896367083,-18642.0,19900.0,38542.0,117799133.75369458,0.01485148514851485,186.61576354679804,3751.8930328828496,-12283.0,8773.0,21056.0,14111526.773399014,0.0594059405940594,209.72413793103448,1398.1134836137878,-2484.0,3953.0,6437.0,1998705.527093596,0.0891089108910891,10588.852711229609,20553.769727230087,4667.50086385345,133909366.0541872
vertical_shake,530.9655172413793,13107.569748925574,-21176.0,26426.0,47602.0,172090309.10344827,0.024752475247524754,-316.0837438423645,4128.27372859512,-11908.0,10645.0,22553.0,17142552.911330048,0.08415841584158416,-148.64039408866995,1836.4921112339355,-4025.0,4381.0,8406.0,3394797.2413793104,0.06930693069306931,12164.47838387877,26458.729769208498,6682.299372544141,192627659.25615764
vertical_shake,-1754.0985221674878,17086.49534522547,-29380.0,27642.0,57022.0,295025184.8078818,0.01485148514851485,-12.881773399014778,1736.4013422853748,-4668.0,4770.0,9438.0,3015255.561576355,0.1485148514851485,133.48768472906403,4040.575912908506,-9425.0,9251.0,18676.0,16344072.669950739,0.09405940594059406,15950.200437288619,29884.356543181584,7744.392748933046,314384513.03940886
vertical_shake,-1353.5418719211823,9604.41976265671,-16635.0,15297.0,31932.0,94076954.57635468,0.009900990099009901,290.5024630541872,1919.54752564137,-8071.0,4575.0,12646.0,3769054.384236453,0.12871287128712872,-470.45320197044333,1252.0173953083768,-5249.0,1674.0,6923.0,1788873.7733990147,0.16831683168316833,9407.789833584386,16649.52137450203,3335.921638932257,99634882.73399015
vertical_shake,904.9704433497537,8326.667720593614,-12959.0,13023.0,25982.0,70152366.83251232,0.009900990099009901,42.3743842364532,1338.844880309524,-3405.0,3993.0,7398.0,1794301.2019704434,0.1188118811881188,291.8029556650246,1213.2226110778984,-2411.0,2969.0,5380.0,1557058.0689655172,0.10891089108910891,8151.912350391478,13179.972913477479,2655.193238727294,73503726.10344827
vertical_shake,123.57635467980296,10448.557961070263,-17660.0,17300.0,34960.0,109187634.58128078,0.01485148514851485,-6.428571428571429,1560.4792583799117,-4263.0,5328.0,9591.0,2435136.842364532,0.1485148514851485,-273.5960591133005,1514.8695254695342,-3478.0,3029.0,6507.0,2369684.4827586208,0.08415841584158416,9720.720911761477,17663.8755656849,4415.885059877238,113992455.90640394
vertical_shake,-693.1773399014778,16246.147565114225,-25897.0,26421.0,52318.0,264417805.5320197,0.019801980198019802,673.7044334975369,2668.284665379162,-5450.0,6924.0,12374.0,7573620.719211822,0.10891089108910891,-669.4975369458128,1677.8842394306866,-5149.0,3005.0,8154.0,3263522.4729064037,0.11386138613861387,14699.90668577097,26631.92420761219,7692.053831959561,275254948.7241379
vertical_shake,2758.089108910891,11673.856955174726,-19888.0,17844.0,37732.0,143885991.74257424,0.01990049751243781,624.2425742574258,2682.063452260182,-5954.0,6442.0,12396.0,7583143.153465346,0.09950248756218906,-946.2326732673267,1862.1483601394598,-6154.0,2177.0,8331.0,4362952.787128713,0.11442786069651742,11674.54543742156,19949.50149753121,4420.076527928849,155832087.68316832
vertical_shake,-643.5024630541872,13662.403403585662,-22127.0,19135.0,41262.0,187075362.182266,0.01485148514851485,-556.3103448275862,1840.7296414861403,-5875.0,3434.0,9309.0,3697766.8128078817,0.1188118811881188,-50.477832512315274,1459.2043831398714,-3324.0,4035.0,7359.0,2131825.4433497535,0.11386138613861387,12975.656654401533,22215.94089837295,4953.5127763546725,192904954.43842363
vertical_shake,1322.8177339901479,14879.043652105533,-23316.0,22372.0,45688.0,223135786.75862068,0.01485148514851485,-81.70935960591133,2374.645047732455,-6103.0,5113.0,11216.0,5645615.522167488,0.1485148514851485,-408.51724137931035,1764.6889547015337,-5107.0,4518.0,9625.0,3281013.4433497535,0.09405940594059406,14293.464212152545,23577.31971620184,5268.709191068759,232062415.72413793
vertical_shake,611.9901477832512,13074.74860235107,-20388.0,19364.0,39752.0,171323582.95566502,0.01485148514851485,75.78325123152709,3062.309731065844,-8885.0,6224.0,15109.0,9383483.990147782,0.13861386138613863,-574.9802955665025,2251.772720291324,-6731.0,4056.0,10787.0,5401082.724137931,0.09405940594059406,12648.782722902995,20573.784727171616,5110.425158315263,186108149.66995075
vertical_shake,290.9605911330049,14714.889639473862,-22525.0,24845.0,47370.0,216612635.16748768,0.039603960396039604,-121.58620689655173,2523.201480371448,-8586.0,5586.0,14172.0,6381328.916256158,0.10891089108910891,-724.5024630541872,1967.3043279979468,-5490.0,4133.0,9623.0,4395190.137931035,0.07920792079207921,13137.307342507018,24960.17439842919,7402.7231482871275,227389154.2216749
vertical_shake,-398.5221674876847,14140.224398246297,-24228.0,24364.0,48592.0,200104765.9507389,0.019801980198019802,187.5270935960591,2670.6714553956185,-7097.0,6198.0,13295.0,7167652.433497537,0.14356435643564355,-186.48275862068965,1764.1976932686039,-4431.0,4552.0,8983.0,3147169.3201970444,0.10396039603960396,13356.325048427942,24694.092775398734,5659.343504786559,210419587.7044335
vertical_shake,-561.871921182266,14363.405012395158,-24440.0,22610.0,47050.0,206623103.60591134,0.0297029702970297,336.3546798029557,3133.940249903591,-6766.0,8683.0,15449.0,9934715.960591134,0.09405940594059406,50.16748768472906,2244.4805013001,-6698.0,6104.0,12802.0,5040209.497536946,0.1188118811881188,13238.860610674785,24522.637908675322,6806.658416224749,221598029.0640394
vertical_shake,1292.1231527093596,15738.802197762745,-25455.0,24473.0,49928.0,249379476.86206895,0.024752475247524754,-685.9113300492611,4906.955096315922,-12727.0,10436.0,23163.0,24548682.66995074,0.06435643564356436,-357.37931034482756,3099.677338835791,-7430.0,5718.0,13148.0,9735719.57635468,0.04950495049504951,15286.199127485987,26320.56707215861,7070.784634198731,283663879.10837436
vertical_shake,1712.1773399014778,15944.47074808477,-26184.0,26982.0,53166.0,257157698.67980295,0.019801980198019802,-760.7635467980296,2419.3011129506735,-7605.0,4594.0,12199.0,6431779.049261084,0.09900990099009901,-38.11330049261084,3808.1035156856983,-7530.0,9502.0,17032.0,14503105.009852218,0.0594059405940594,14678.336161663108,28428.480877458085,7914.482311821104,278092582.7389163
vertical_shake,1593.665024630542,16125.519208385454,-27618.0,27670.0,55288.0,262572137.9507389,0.019801980198019802,-655.7192118226601,1622.381074140545,-4013.0,3437.0,7450.0,3062088.0344827585,0.10891089108910891,-252.28571428571428,3672.6758499305265,-7918.0,6680.0,14598.0,13552195.980295567,0.054455445544554455,14636.09157598393,28693.70406552629,8060.474263027547,279186421.9655172
vertical_shake,1528.2610837438424,15869.26566587754,-24813.0,29611.0,54424.0,254169174.7142857,0.019801980198019802,-810.1724137931035,2098.0633821443903,-5349.0,4121.0,9470.0,5058249.295566502,0.10396039603960396,-189.49261083743843,3273.432937415735,-7137.0,6628.0,13765.0,10751270.645320198,0.04950495049504951,14344.428858782692,30008.301934631356,8013.492083386308,269978694.6551724
vertical_shake,6279.4607843137255,16243.260122744097,-19479.0,29897.0,49376.0,303275127.15686274,0.019704433497536946,-53.26470588235294,2707.9540154032597,-6667.0,6442.0,13109.0,7335852.0784313725,0.10344827586206896,458.09313725490193,5692.066805285691,-8676.0,12589.0,21265.0,32609473.838235293,0.04433497536945813,16360.011670391132,32415.117136916226,8693.12781559062,343220453.0735294
vertical_shake,826.2610837438424,16613.90070679917,-27745.0,25315.0,53060.0,276704404.07389164,0.019801980198019802,-295.26600985221677,4105.624575008489,-9487.0,9167.0,18654.0,16943335.167487685,0.054455445544554455,11.280788177339902,3045.4327258470944,-7021.0,7594.0,14615.0,9274787.743842365,0.0891089108910891,15563.209453023363,29390.45807741009,7791.600509943131,302922526.9852217
vertical_shake,691.7980295566502,17919.412308207076,-28375.0,24137.0,52512.0,321583921.9852217,0.019801980198019802,-748.2955665024631,3974.0804558149925,-10995.0,5530.0,16525.0,16353261.72413793,0.039603960396039604,455.5960591133005,2791.1382204928154,-5594.0,5565.0,11159.0,7998020.334975369,0.04455445544554455,17158.999567184812,30379.922202007034,7176.624408291584,345935204.04433495
vertical_shake,-682.064039408867,19280.85720583911,-32701.0,27573.0,60274.0,372216665.9458128,0.019801980198019802,-1062.1822660098521,4009.4406918372515,-9383.0,6741.0,16124.0,17203845.827586208,0.04455445544554455,-84.24630541871922,2639.009214442973,-8081.0,5531.0,13612.0,6971467.073891626,0.0594059405940594,17729.45942328324,34139.525392131625,9058.600742136945,396391978.84729064
vertical_shake,282.7586206896552,15081.24816788524,-22420.0,25438.0,47858.0,227523998.73891625,0.019801980198019802,-656.1773399014778,1551.641386784041,-4788.0,3289.0,8077.0,2838159.694581281,0.13366336633663367,488.97536945812806,2990.1889942055845,-5562.0,6540.0,12102.0,9180327.133004926,0.06435643564356436,13867.173364717994,25774.377975035597,6873.426251830902,239542485.56650245
vertical_shake,1185.7832512315272,16293.821410278942,-26684.0,22818.0,49502.0,266894698.06896552,0.01485148514851485,-394.8029556650246,2166.525485745633,-7054.0,4511.0,11565.0,4849702.054187193,0.14356435643564355,407.3645320197044,4229.355851817578,-7888.0,10194.0,18082.0,18053396.78325123,0.04950495049504951,15447.44571253257,27993.359212498952,7153.615719673737,289797796.90640396
vertical_shake,1684.8374384236454,16089.521937139463,-27684.0,26954.0,54638.0,261711393.3596059,0.0297029702970297,-456.45320197044333,1602.0100986524178,-4269.0,4410.0,8679.0,2774785.881773399,0.10396039603960396,163.39408866995075,3384.3474274546265,-7565.0,8081.0,15646.0,11480505.137931034,0.04455445544554455,14198.564533723797,28147.846596143016,8623.656391635228,275966684.37931037
vertical_shake,-1445.7931034482758,14863.21122032025,-26492.0,22950.0,49442.0,223005365.47783253,0.024752475247524754,-381.35960591133005,2699.2310296585874,-8577.0,5295.0,13872.0,7431283.300492611,0.12376237623762376,-398.37931034482756,4881.693983318091,-9430.0,12236.0,21666.0,23989642.22167488,0.024752475247524754,13879.38178252621,28104.974097123806,7860.601270569545,254426291.0
vertical_shake,-513.4117647058823,14606.788740207003,-23896.0,21958.0,45854.0,213621868.94117647,0.019704433497536946,-91.77941176470588,1999.122267045148,-7930.0,4863.0,12793.0,4004913.2990196077,0.16748768472906403,-61.333333333333336,3267.366463158847,-7743.0,6598.0,14341.0,10679445.38235294,0.029556650246305417,13425.866147408986,25036.54466974227,6931.97993465117,228306227.62254903
vertical_shake,-2030.5320197044334,14734.12350500692,-29018.0,27588.0,56606.0,221217455.74384236,0.17326732673267325,-445.5024630541872,2188.5703216825355,-9774.0,5406.0,15180.0,4988312.497536946,0.16831683168316833,-448.73399014778323,3176.402035295578,-10314.0,8224.0,18538.0,10290892.083743842,0.16831683168316833,11024.269588489715,30798.869719520553,10722.039934892242,236496660.32512316
vertical_shake,1501.5686274509803,16691.521904265785,-29707.0,27995.0,57702.0,280861611.8235294,0.029556650246305417,-567.1029411764706,1993.9541423403032,-6661.0,4083.0,10744.0,4297458.867647059,0.14285714285714285,498.90686274509807,4618.035191035163,-9015.0,12899.0,21914.0,21575157.083333332,0.03940886699507389,15519.852713232029,31182.747633908082,8115.934914357919,306734227.7745098
vertical_shake,4027.6995073891626,14674.01823751175,-20563.0,23619.0,44182.0,231549174.55665025,0.019801980198019802,-817.1724137931035,1845.6635462452275,-8152.0,2614.0,10766.0,4074244.6798029556,0.15841584158415842,-534.7635467980296,3485.1465741912884,-8355.0,7874.0,16229.0,12432218.694581281,0.0297029702970297,14345.957198527403,24661.38670067034,6499.934614213754,248055637.93103448
vertical_shake,3298.024630541872,13580.448422785068,-23765.0,23343.0,47108.0,195305545.8275862,0.019801980198019802,-152.05418719211823,1773.052801933168,-4130.0,3699.0,7829.0,3166836.714285714,0.12871287128712872,501.7733990147783,2144.7978346705922,-5091.0,5455.0,10546.0,4851934.295566502,0.10396039603960396,12650.051310002858,24375.088307532344,6580.312963053746,203324316.83743843
vertical_shake,1785.4433497536945,17808.468894185295,-30277.0,26417.0,56694.0,320329372.3103448,0.01485148514851485,-219.30049261083744,2112.936346249042,-6854.0,3296.0,10150.0,4512592.709359606,0.0594059405940594,-404.2512315270936,1788.3529728780986,-4637.0,2780.0,7417.0,3361625.4137931033,0.0891089108910891,16712.17781152924,30323.92713683371,6993.332769812063,328203590.43349755
vertical_shake,891.3546798029556,17245.459134534565,-25447.0,28117.0,53564.0,298200373.92610836,0.01485148514851485,-560.2709359605911,1664.5706470165144,-5019.0,2533.0,7552.0,3084698.960591133,0.08415841584158416,-390.2610837438424,2052.211654697839,-5641.0,3765.0,9406.0,4363876.389162562,0.07920792079207921,15936.661303870715,28230.875526628643,7188.3082684017,305648949.2758621
vertical_shake,2023.1078431372548,15318.312076424174,-25848.0,22746.0,48594.0,238743650.21568626,0.014778325123152709,78.51960784313725,1556.8826238729412,-4899.0,2554.0,7453.0,2430048.8333333335,0.059113300492610835,110.94607843137256,1439.4527255360802,-4298.0,3436.0,7734.0,2084333.181372549,0.11822660098522167,14303.006391108675,25952.882864915027,6219.488757630843,243258032.23039216
vertical_shake,3154.35960591133,16118.845145706771,-24793.0,26217.0,51010.0,269767153.3546798,0.01485148514851485,111.76354679802955,1267.034827632891,-3371.0,4145.0,7516.0,1617868.3448275863,0.18316831683168316,-539.7044334975369,2101.9834970808038,-5456.0,3785.0,9241.0,4709615.497536946,0.04950495049504951,15244.351857077267,26237.002153447334,6610.928350441338,276094637.1970443
